<?xml version="1.0"?>
<spawns>
	<spawn centerx="1034" centery="1272" centerz="6" radius="1">
		<npc name="Wrynn" x="0" y="0" z="6" spawntime="60" />
	</spawn>
	<spawn centerx="1021" centery="1270" centerz="7" radius="1">
		<npc name="Albin" x="0" y="0" z="7" spawntime="60" />
	</spawn>
	<spawn centerx="1029" centery="1280" centerz="7" radius="1">
		<npc name="John" x="0" y="0" z="7" spawntime="60" />
	</spawn>
	<spawn centerx="1017" centery="1290" centerz="7" radius="1">
		<npc name="Ruby" x="0" y="0" z="7" spawntime="60" />
	</spawn>
	<spawn centerx="1038" centery="1290" centerz="7" radius="1">
		<npc name="Asbjorn" x="0" y="0" z="7" spawntime="60" />
	</spawn>
	<spawn centerx="1027" centery="1273" centerz="8" radius="1">
		<monster name="Rat" x="-1" y="0" z="8" spawntime="60" />
		<monster name="Rat" x="1" y="0" z="8" spawntime="60" />
	</spawn>
	<spawn centerx="1013" centery="1277" centerz="8" radius="1">
		<monster name="Rat" x="0" y="0" z="8" spawntime="60" />
	</spawn>
	<spawn centerx="1023" centery="1277" centerz="8" radius="1">
		<monster name="Rat" x="0" y="0" z="8" spawntime="60" />
	</spawn>
	<spawn centerx="1038" centery="1277" centerz="8" radius="1">
		<monster name="Rat" x="0" y="0" z="8" spawntime="60" />
	</spawn>
	<spawn centerx="1033" centery="1280" centerz="8" radius="1">
		<monster name="Rat" x="0" y="0" z="8" spawntime="60" />
	</spawn>
	<spawn centerx="1012" centery="1285" centerz="8" radius="1">
		<monster name="Rat" x="0" y="0" z="8" spawntime="60" />
	</spawn>
	<spawn centerx="1022" centery="1286" centerz="8" radius="1">
		<monster name="Rat" x="1" y="0" z="8" spawntime="60" />
	</spawn>
	<spawn centerx="1038" centery="1286" centerz="8" radius="1">
		<monster name="Rat" x="0" y="0" z="8" spawntime="60" />
	</spawn>
	<spawn centerx="1015" centery="1293" centerz="8" radius="1">
		<monster name="Rat" x="0" y="0" z="8" spawntime="60" />
	</spawn>
	<spawn centerx="1036" centery="1293" centerz="8" radius="1">
		<monster name="Rat" x="0" y="0" z="8" spawntime="60" />
	</spawn>
	<spawn centerx="1012" centery="1296" centerz="8" radius="1">
		<monster name="Rat" x="0" y="0" z="8" spawntime="60" />
	</spawn>
	<spawn centerx="1029" centery="1296" centerz="8" radius="1">
		<monster name="Rat" x="0" y="0" z="8" spawntime="60" />
	</spawn>
	<spawn centerx="1041" centery="1297" centerz="8" radius="1">
		<monster name="Rat" x="0" y="0" z="8" spawntime="60" />
	</spawn>
	<spawn centerx="1015" centery="1309" centerz="8" radius="1">
		<monster name="Cave Rat" x="0" y="0" z="8" spawntime="60" />
	</spawn>
	<spawn centerx="1013" centery="1310" centerz="8" radius="1">
		<monster name="Rat" x="0" y="0" z="8" spawntime="60" />
	</spawn>
	<spawn centerx="1019" centery="1310" centerz="8" radius="1">
		<monster name="Rat" x="0" y="0" z="8" spawntime="60" />
	</spawn>
	<spawn centerx="1004" centery="1297" centerz="9" radius="1">
		<monster name="Cave Rat" x="0" y="0" z="9" spawntime="60" />
	</spawn>
	<spawn centerx="1006" centery="1297" centerz="9" radius="1">
		<monster name="Rat" x="0" y="0" z="9" spawntime="60" />
	</spawn>
	<spawn centerx="1020" centery="1298" centerz="9" radius="1">
		<monster name="Cave Rat" x="0" y="0" z="9" spawntime="60" />
	</spawn>
	<spawn centerx="1013" centery="1300" centerz="9" radius="1">
		<monster name="Rat" x="0" y="0" z="9" spawntime="60" />
	</spawn>
	<spawn centerx="1012" centery="1307" centerz="9" radius="1">
		<monster name="Rat" x="0" y="0" z="9" spawntime="60" />
	</spawn>
	<spawn centerx="1020" centery="1309" centerz="9" radius="1">
		<monster name="Rat" x="0" y="0" z="9" spawntime="60" />
	</spawn>
</spawns>
