<?xml version="1.0"?>
<spawns>
	<spawn centerx="251" centery="34" centerz="6" radius="1">
		<npc name="Wrynn" x="0" y="0" z="6" spawntime="60" />
	</spawn>
	<spawn centerx="238" centery="32" centerz="7" radius="1">
		<npc name="Albin" x="0" y="0" z="7" spawntime="60" />
	</spawn>
	<spawn centerx="246" centery="42" centerz="7" radius="1">
		<npc name="John" x="0" y="0" z="7" spawntime="60" />
	</spawn>
	<spawn centerx="234" centery="52" centerz="7" radius="1">
		<npc name="Ruby" x="0" y="0" z="7" spawntime="60" />
	</spawn>
	<spawn centerx="255" centery="52" centerz="7" radius="1">
		<npc name="Asbjorn" x="0" y="0" z="7" spawntime="60" />
	</spawn>
	<spawn centerx="244" centery="35" centerz="8" radius="1">
		<monster name="Rat" x="-1" y="0" z="8" spawntime="60" />
		<monster name="Rat" x="1" y="0" z="8" spawntime="60" />
	</spawn>
	<spawn centerx="230" centery="39" centerz="8" radius="1">
		<monster name="Rat" x="0" y="0" z="8" spawntime="60" />
	</spawn>
	<spawn centerx="240" centery="39" centerz="8" radius="1">
		<monster name="Rat" x="0" y="0" z="8" spawntime="60" />
	</spawn>
	<spawn centerx="255" centery="39" centerz="8" radius="1">
		<monster name="Rat" x="0" y="0" z="8" spawntime="60" />
	</spawn>
	<spawn centerx="250" centery="42" centerz="8" radius="1">
		<monster name="Rat" x="0" y="0" z="8" spawntime="60" />
	</spawn>
	<spawn centerx="229" centery="47" centerz="8" radius="1">
		<monster name="Rat" x="0" y="0" z="8" spawntime="60" />
	</spawn>
	<spawn centerx="239" centery="48" centerz="8" radius="1">
		<monster name="Rat" x="1" y="0" z="8" spawntime="60" />
	</spawn>
	<spawn centerx="255" centery="48" centerz="8" radius="1">
		<monster name="Rat" x="0" y="0" z="8" spawntime="60" />
	</spawn>
	<spawn centerx="232" centery="55" centerz="8" radius="1">
		<monster name="Rat" x="0" y="0" z="8" spawntime="60" />
	</spawn>
	<spawn centerx="253" centery="55" centerz="8" radius="1">
		<monster name="Rat" x="0" y="0" z="8" spawntime="60" />
	</spawn>
	<spawn centerx="229" centery="58" centerz="8" radius="1">
		<monster name="Rat" x="0" y="0" z="8" spawntime="60" />
	</spawn>
	<spawn centerx="246" centery="58" centerz="8" radius="1">
		<monster name="Rat" x="0" y="0" z="8" spawntime="60" />
	</spawn>
	<spawn centerx="258" centery="59" centerz="8" radius="1">
		<monster name="Rat" x="0" y="0" z="8" spawntime="60" />
	</spawn>
	<spawn centerx="232" centery="71" centerz="8" radius="1">
		<monster name="Cave Rat" x="0" y="0" z="8" spawntime="60" />
	</spawn>
	<spawn centerx="230" centery="72" centerz="8" radius="1">
		<monster name="Rat" x="0" y="0" z="8" spawntime="60" />
	</spawn>
	<spawn centerx="236" centery="72" centerz="8" radius="1">
		<monster name="Rat" x="0" y="0" z="8" spawntime="60" />
	</spawn>
	<spawn centerx="221" centery="59" centerz="9" radius="1">
		<monster name="Cave Rat" x="0" y="0" z="9" spawntime="60" />
	</spawn>
	<spawn centerx="223" centery="59" centerz="9" radius="1">
		<monster name="Rat" x="0" y="0" z="9" spawntime="60" />
	</spawn>
	<spawn centerx="237" centery="60" centerz="9" radius="1">
		<monster name="Cave Rat" x="0" y="0" z="9" spawntime="60" />
	</spawn>
	<spawn centerx="230" centery="62" centerz="9" radius="1">
		<monster name="Rat" x="0" y="0" z="9" spawntime="60" />
	</spawn>
	<spawn centerx="229" centery="69" centerz="9" radius="1">
		<monster name="Rat" x="0" y="0" z="9" spawntime="60" />
	</spawn>
	<spawn centerx="237" centery="71" centerz="9" radius="1">
		<monster name="Rat" x="0" y="0" z="9" spawntime="60" />
	</spawn>
</spawns>
