<?xml version="1.0"?>
<spawns>
	<spawn centerx="251" centery="34" centerz="6" radius="1">
		<npc name="Wrynn" x="0" y="0" z="6" spawntime="60" />
	</spawn>
	<spawn centerx="238" centery="32" centerz="7" radius="1">
		<npc name="Albin" x="0" y="0" z="7" spawntime="60" />
	</spawn>
	<spawn centerx="246" centery="42" centerz="7" radius="1">
		<npc name="John" x="0" y="0" z="7" spawntime="60" />
	</spawn>
	<spawn centerx="234" centery="52" centerz="7" radius="1">
		<npc name="Ruby" x="0" y="0" z="7" spawntime="60" />
	</spawn>
	<spawn centerx="255" centery="52" centerz="7" radius="1">
		<npc name="Asbjorn" x="0" y="0" z="7" spawntime="60" />
	</spawn>
</spawns>
